step,episode_index,episode_return,episode_length,fps,model_loss,recon_loss,reward_loss,continue_loss,kl_loss,dynamics_kl_loss,representation_kl_loss,actor_loss,value_loss,repval_loss,slowreg_loss,imagined_return,value_pred,return_norm_mean,return_norm_std,adv_norm_mean,adv_norm_std,entropy,num_updates,train_budget
200.0,0.0,178.0,200.0,185.63877860838545,,,,,,,,,,,,,,,,,,,,
400.0,0.0,354.0,400.0,152.7193192139494,,,,,,,,,,,,,,,,,,,,
500.0,0.0,451.0,500.0,141.3290246268025,,,,,,,,,,,,,,,,,,,,
600.0,1.0,74.0,100.0,134.74653087902246,,,,,,,,,,,,,,,,,,,,
800.0,1.0,240.0,300.0,138.03978459916442,,,,,,,,,,,,,,,,,,,,
1000.0,1.0,408.0,500.0,134.90133891614147,7.423410892486572,0.07685159146785736,5.54052734375,0.7060321569442749,1.0,1.0,1.0,-0.032349005341529846,7.216271877288818,5.554134368896484,0.0,-0.01655963435769081,-0.016344372183084488,-0.01655963435769081,0.009995619879326423,-0.037685271352529526,0.012105762515822694,2.8378756046295166,1.0,0.0
1200.0,2.0,0.0,200.0,27.620080404234105,2.1771836280822754,0.0016673598438501358,1.0751893520355225,0.00032691130763851106,1.0,1.0,1.0,-6.060339450836182,3.2808544635772705,3.124210834503174,0.9348708987236023,11.605324745178223,8.398382186889648,7.714553611904133,1.9148572238636052,2.782609922418943,2.068047359244833,2.837078809738159,1.0,0.0
1400.0,2.0,0.0,400.0,17.285544095085033,1.808967113494873,0.0011078051757067442,0.7076923847198486,0.00016706546011846513,1.0,1.0,1.0,29.85456657409668,4.020523548126221,3.751716136932373,0.03395579755306244,13.702914237976074,14.011518478393555,13.521803046526616,1.1970601300497565,1.4014947212552353,1.3091816511821914,2.837824583053589,1.0,0.0
1500.0,2.0,0.0,500.0,14.715183428447473,1.9480187892913818,0.0010384933557361364,0.8468122482299805,0.00016811559908092022,1.0,1.0,1.0,-0.26071643829345703,3.567849636077881,3.6876449584960938,0.007935860194265842,13.401033401489258,13.742785453796387,13.538217368471075,0.8981351164625698,0.42631447083226576,0.946508080494607,2.837874412536621,1.0,0.0
1600.0,3.0,0.0,100.0,12.98808063025466,1.8026432991027832,0.0010143301915377378,0.7011046409606934,0.000524409580975771,1.0,1.0,1.0,-0.31309613585472107,3.565260171890259,3.3750853538513184,0.028317764401435852,13.115222930908203,13.154256820678711,13.311611253302518,0.7303361380398924,0.013108484761628013,0.7210934007287956,2.8378746509552,1.0,0.0
1800.0,3.0,0.0,300.0,11.107447655764782,1.7145557403564453,0.0008501328993588686,0.6135584712028503,0.00014710173127241433,1.0,1.0,1.0,-0.013970622792840004,3.149257183074951,3.0931694507598877,0.049752235412597656,11.89870548248291,12.191978454589844,12.419614180328068,0.5836686210912847,-0.11799006554640087,0.46694507426429444,2.8378748893737793,1.0,0.0
2000.0,3.0,0.0,500.0,9.949417981011626,2.4138548374176025,0.0010198127711191773,0.9525431394577026,0.00011344985250616446,1.32743501663208,1.32743501663208,1.32743501663208,-10.645524024963379,2.8133225440979004,3.8892288208007812,0.16615509986877441,16.23711585998535,15.764952659606934,13.223919749628664,0.6356854437818561,0.20638260399359365,0.5244705292416579,2.837857246398926,1.0,0.0
2200.0,4.0,0.0,200.0,9.162129649617917,1.5888960361480713,0.0009037497220560908,0.48796510696411133,2.7156140276929364e-05,1.0,1.0,1.0,11.189642906188965,4.228025913238525,3.7715911865234375,0.46183478832244873,16.163419723510742,16.48778533935547,16.425149843368263,0.43693306240741864,-0.1476459361336001,0.4220333530463413,2.837857246398926,1.0,0.0
2400.0,4.0,0.0,400.0,8.583586147879883,1.6370718479156494,0.000774322310462594,0.5362820029258728,1.56053138198331e-05,1.0,1.0,1.0,7.811014652252197,2.749171733856201,3.136098623275757,0.09939113259315491,12.447015762329102,13.034340858459473,14.168199013026715,0.4244309763932691,-0.4689680275562114,0.45009618061951456,2.8378653526306152,1.0,0.0
2500.0,4.0,0.0,500.0,8.314387306978828,1.6307082176208496,0.0008158524287864566,0.5298119187355042,8.04656301625073e-05,1.0,1.0,1.0,3.401972532272339,2.438392162322998,2.777700901031494,0.01840997114777565,10.715373039245605,11.274955749511719,12.462050326588766,0.3833790159126233,-0.5279939540499249,0.4157433099824398,2.837867259979248,1.0,0.0
2600.0,5.0,0.0,100.0,8.105995129835167,1.4233734607696533,0.0007779109291732311,0.32223594188690186,0.00035967680742032826,1.0,1.0,1.0,-4.383408546447754,2.1341803073883057,2.340468406677246,0.03724883869290352,8.736382484436035,9.164255142211914,10.621446252391518,0.34842484703593807,-0.5208679399017847,0.3889874430480901,2.83786940574646,1.0,0.0
2800.0,5.0,0.0,300.0,7.81399727672071,1.5980055332183838,0.0008110349299386144,0.49714195728302,5.258822056930512e-05,1.0,1.0,1.0,-2.2532453536987305,1.7877472639083862,2.399099111557007,0.01358482800424099,4.728168964385986,5.077284812927246,6.727987596372115,0.288720093959885,-0.413723843918662,0.3548956806122084,2.837869882583618,1.0,0.0
3000.0,5.0,0.0,500.0,7.57284639132698,1.8635549545288086,0.0008890170138329268,0.7626239657402039,4.195298606646247e-05,1.0,1.0,1.0,2.6751115322113037,1.5377545356750488,2.4279580116271973,0.014556201174855232,0.730496883392334,0.9979519248008728,2.7490943860841,0.29080026831244044,-0.2609195029384494,0.3421972221819616,2.83786940574646,1.0,0.0
3200.0,6.0,0.0,200.0,7.377777282082038,1.4975892305374146,0.0006425530882552266,0.3968895673751831,5.7117253163596615e-05,1.0,1.0,1.0,-27.558818817138672,2.9722321033477783,2.6228930950164795,5.8791279792785645,7.03949499130249,5.014662742614746,1.3279381880236198,1.086914635222374,0.6074994667698073,1.3503561649970515,2.83787202835083,1.0,0.0
3400.0,6.0,0.0,400.0,7.218205080384146,1.6672513484954834,0.0007961496012285352,0.5663272738456726,0.00012807636812794954,1.0,1.0,1.0,4.884486198425293,2.664186716079712,3.3450727462768555,0.7239561676979065,16.769224166870117,15.973479270935059,12.189564362878375,1.7395104184086296,1.4185814666083132,2.4486903445626096,2.837568998336792,1.0,0.0
3500.0,6.0,0.0,500.0,7.115635886113532,1.468446969985962,0.0007319097057916224,0.36767733097076416,3.768072201637551e-05,1.0,1.0,1.0,-1.4707732200622559,2.9824917316436768,3.5092101097106934,0.617283284664154,21.222026824951172,20.212024688720703,16.779097735944458,1.7964117322730853,1.0231217882078463,1.9142469744392183,2.8376893997192383,1.0,0.0
3600.0,7.0,0.0,100.0,7.020216022618286,1.4166843891143799,0.0006426519248634577,0.3159448206424713,9.706590208224952e-05,1.0,1.0,1.0,8.0615816116333,2.918029546737671,2.779592990875244,0.1043195053935051,23.081558227539062,22.954702377319336,20.17562655407559,1.7976467159820262,0.6285458118059915,1.4422049070330842,2.837742328643799,1.0,0.0
3800.0,7.0,0.0,300.0,6.9009020074590035,1.6350548267364502,0.000662120757624507,0.5343048572540283,8.78171413205564e-05,1.0,1.0,1.0,1.692074179649353,3.0171968936920166,2.8212904930114746,0.015315509401261806,24.161184310913086,23.999849319458008,23.08481737330412,1.7353999339856705,0.26972547260292956,1.1499179793447498,2.8377904891967773,1.0,0.0
4000.0,7.0,0.0,500.0,6.782588367431142,1.373152732849121,0.0007354641566053033,0.2721843123435974,0.00023299035092350096,1.0,1.0,1.0,-8.466058731079102,2.8937008380889893,2.545562267303467,0.05786348134279251,22.36795425415039,22.08864402770996,22.683538214922915,1.7864593154847224,-0.044922530154710864,0.9659239391001917,2.8378138542175293,1.0,0.0
4200.0,8.0,196.0,200.0,6.686831797564192,1.7991206645965576,0.0007970619481056929,0.5923790335655212,2.1873143850825727e-05,1.0962932109832764,1.0962932109832764,1.0962932109832764,-14.303694725036621,2.8561387062072754,2.6381077766418457,0.21699340641498566,23.792327880859375,23.10647964477539,21.983851506664976,2.628022987765569,0.16424120856058663,1.0201398556499621,2.8378186225891113,1.0,0.0
4400.0,8.0,396.0,400.0,6.597619304283658,1.7814905643463135,0.0006622264627367258,0.6806829571723938,0.00014527328312397003,1.0,1.0,1.0,11.494718551635742,2.6797635555267334,2.6200342178344727,0.23341116309165955,24.96199607849121,25.17343521118164,23.74076716333223,2.7762927492569363,0.2992384820919261,1.0164427981556738,2.8378195762634277,1.0,0.0
4500.0,8.0,496.0,500.0,6.54437324949252,1.7774940729141235,0.0008030893513932824,0.6765642166137695,0.00012675081961788237,1.0,1.0,1.0,-0.16424208879470825,2.2698702812194824,2.6950645446777344,0.13863778114318848,28.57918930053711,28.213546752929688,26.16253329503925,2.797155479729107,0.41156619685927553,1.0259142382358273,2.8378210067749023,1.0,0.0
4600.0,9.0,0.0,100.0,6.490487587793063,2.026672601699829,0.0007064012461341918,0.9259322285652161,3.403152004466392e-05,1.0,1.0,1.0,-11.159558296203613,2.672746181488037,3.042381763458252,0.08191277086734772,31.751108169555664,30.8928165435791,29.024619702784808,2.74937243657135,0.3800869204159495,1.0347585603706564,2.837824583053589,1.0,0.0
4800.0,9.0,0.0,300.0,6.420917584249889,1.551734447479248,0.0006320730317384005,0.45109066367149353,1.161079308076296e-05,1.0,1.0,1.0,-3.922912359237671,2.1478118896484375,2.544779062271118,0.016002720221877098,35.5120849609375,35.140960693359375,33.21869448516018,2.62999232012502,0.2724006569047833,0.9454481368399118,2.837834358215332,1.0,0.0
5000.0,9.0,0.0,500.0,6.3571165924923845,1.6877284049987793,0.0005202412139624357,0.5870068669319153,0.00020123794092796743,1.0,1.0,1.0,-5.378871440887451,2.455625057220459,2.5800728797912598,0.44014954566955566,34.39244842529297,34.23723220825195,34.99585761061385,2.980442590809218,-0.09951587486930422,1.0979091666338032,2.837843179702759,1.0,0.0
5200.0,10.0,0.0,200.0,6.2677620418308875,1.7803866863250732,0.0006895708502270281,0.6796699166297913,2.7182366466149688e-05,1.0,1.0,1.0,7.904065132141113,2.4738247394561768,3.0672545433044434,0.09487766027450562,31.177696228027344,31.60799789428711,33.01418933538312,2.6847834206979355,-0.10987586452412934,0.9453104758786169,2.837843179702759,1.0,0.0
5400.0,10.0,0.0,400.0,6.215826715489463,1.6948423385620117,0.000862074492033571,0.5045920610427856,6.164831575006247e-05,1.08120596408844,1.08120596408844,1.08120596408844,-5.800747871398926,2.1055352687835693,2.197707176208496,0.0061621274799108505,27.368175506591797,27.329755783081055,28.96808153549131,2.8761021464251177,-0.21238610922852044,0.9851569878718255,2.8378469944000244,1.0,0.0
5500.0,10.0,0.0,500.0,6.179557133342465,1.5149438381195068,0.0005854557966813445,0.414207398891449,0.00015095635899342597,1.0,1.0,1.0,-4.279343605041504,1.7637568712234497,2.259772300720215,0.04237125441431999,24.302831649780273,24.325929641723633,26.460664967181735,2.8037031393376957,-0.21114180380423692,0.9720882165855647,2.8378474712371826,1.0,0.0
5600.0,11.0,0.0,100.0,6.145482550511078,1.533474326133728,0.0006059809238649905,0.4324681758880615,0.0004001628840342164,1.0,1.0,1.0,-1.886325716972351,1.8002221584320068,1.9896388053894043,0.015878017991781235,21.88496971130371,21.983070373535156,24.226027635879216,2.9163121477107845,-0.17665003605010793,0.9964589870356187,2.8378477096557617,1.0,0.0
5800.0,11.0,0.0,300.0,6.1011078073351825,1.5262000560760498,0.00067645322997123,0.4255114197731018,1.2111704563722014e-05,1.0,1.0,1.0,-2.4639835357666016,1.6634992361068726,1.7931468486785889,0.03144008293747902,18.1946964263916,18.197351455688477,19.842543484430077,3.2874598141125206,-0.11874440838835483,1.0380504188625126,2.837847948074341,1.0,0.0
6000.0,11.0,0.0,500.0,6.057945098813851,1.5523200035095215,0.0006184288649819791,0.4516236186027527,7.789153460180387e-05,1.0,1.0,1.0,-2.4096286296844482,1.8484145402908325,1.9067811965942383,0.12926247715950012,15.266518592834473,15.261369705200195,15.493566376576327,3.5307561490105113,-0.0860452381904227,1.1547217442837374,2.8378496170043945,1.0,0.0
6200.0,12.0,0.0,200.0,6.0165509658169825,1.4780290126800537,0.0005869626766070724,0.37742525339126587,1.682452239037957e-05,1.0,1.0,1.0,-3.264431953430176,1.5582391023635864,1.678027868270874,0.08539284765720367,11.218335151672363,11.12979793548584,12.173281140320164,3.3833607246437123,-0.04425033240344185,1.2312815459508335,2.837847948074341,1.0,0.0
6400.0,12.0,0.0,400.0,5.9805875060031015,1.738431453704834,0.0005290402914397418,0.6378461122512817,5.6372093240497634e-05,1.0,1.0,1.0,-5.747731685638428,1.9630413055419922,2.1247453689575195,0.03673635050654411,10.312350273132324,10.041828155517578,10.604389251800546,2.8551393673424093,0.01873525215030184,1.1523000723629861,2.837846040725708,1.0,0.0
6500.0,12.0,0.0,500.0,5.955335919460967,1.5642448663711548,0.000710227177478373,0.46347224712371826,6.241546361707151e-05,1.0,1.0,1.0,-5.945290565490723,1.92759370803833,1.911482572555542,0.059852614998817444,11.571478843688965,11.272065162658691,10.59320912392538,2.8409570580817705,0.04280006124217733,1.156411231727072,2.8378474712371826,1.0,0.0
6600.0,13.0,0.0,100.0,5.9337356538816906,1.8385344743728638,0.0007629608735442162,0.7376856803894043,8.585266186855733e-05,1.0,1.0,1.0,-0.9492576718330383,2.113269805908203,2.3362951278686523,0.12539049983024597,11.51904296875,11.454798698425293,10.922886959143515,2.782210941466074,0.0639873129539574,1.1665343699778072,2.83784556388855,1.0,0.0
6800.0,13.0,0.0,300.0,5.901026433224091,1.4511950016021729,0.0005985330790281296,0.35049939155578613,9.706063428893685e-05,1.0,1.0,1.0,-5.897155284881592,1.6184678077697754,1.699402928352356,0.036036036908626556,12.693148612976074,12.403295516967773,11.646370922642538,2.6429025471525867,-0.010347796525322958,1.187004942360326,2.8378496170043945,1.0,0.0
7000.0,13.0,0.0,500.0,5.876941820510286,1.5586117506027222,0.0007337940623983741,0.45779573917388916,8.223646727856249e-05,1.0,1.0,1.0,0.9426560997962952,1.7195111513137817,1.8742387294769287,0.023835549131035805,12.450634956359863,12.556405067443848,12.003817741148827,2.6887005704965383,-0.04503462223693833,1.3655723565686766,2.837848663330078,1.0,0.0
7200.0,14.0,0.0,200.0,5.857566425885502,1.5203640460968018,0.0005395108019001782,0.4194847643375397,0.0003398409462533891,1.0,1.0,1.0,2.720337390899658,1.5871609449386597,1.6967601776123047,0.4503635764122009,12.007319450378418,12.277978897094727,12.11133638741486,3.0131120069041653,-0.08148158894056712,1.5791150071632805,2.837848663330078,1.0,0.0
7400.0,14.0,0.0,400.0,5.83474405813841,1.6305832862854004,0.0005602481542155147,0.5300132036209106,9.766394214238971e-06,1.0,1.0,1.0,0.9301334023475647,1.7011533975601196,1.9743785858154297,0.029714565724134445,11.457324981689453,11.669116973876953,11.11684584043504,2.842374086760332,-0.14456429846321106,1.8575552816003666,2.8378496170043945,1.0,0.0
7500.0,14.0,0.0,500.0,5.8170104082860945,1.209233283996582,0.0005542528815567493,0.10846076160669327,0.00021829796605743468,1.0,1.0,1.0,1.0159130096435547,1.213869571685791,1.0434281826019287,0.027204979211091995,9.548417091369629,9.777669906616211,10.357773080918058,2.6428243612786284,-0.16634393269728662,2.052843750632438,2.8378469944000244,1.0,0.0
7600.0,15.0,100.0,100.0,5.800293168625836,1.2687500715255737,0.0005514082731679082,0.16795536875724792,0.00024328447761945426,1.0,1.0,1.0,1.0887925624847412,1.4130676984786987,1.3845186233520508,0.21685367822647095,8.803611755371094,9.049551010131836,9.711508292386002,2.4767603158091553,-0.12504927495876456,2.084582078668144,2.837843418121338,1.0,0.0
7800.0,15.0,300.0,300.0,5.78174076817934,1.6229954957962036,0.0006189850391820073,0.494437575340271,5.162520392332226e-05,1.025352120399475,1.025352120399475,1.025352120399475,-1.9720078706741333,1.9853930473327637,2.4753305912017822,0.06555136293172836,11.940146446228027,11.803641319274902,10.038692106918903,2.3821554645680916,-0.053285630782325816,2.7218979056588273,2.8378429412841797,1.0,0.0
8000.0,15.0,500.0,500.0,5.7687939173493605,1.4675190448760986,0.0005365245742723346,0.366966187953949,1.6289373888866976e-05,1.0,1.0,1.0,3.0639195442199707,2.468930721282959,2.6701886653900146,0.32911810278892517,12.648526191711426,13.01722526550293,11.866784072628741,2.2694825492090254,8.399657913743313e-05,2.823315911904655,2.837832450866699,1.0,0.0
8200.0,16.0,199.0,200.0,5.756386611760669,1.7822688817977905,0.0007243221043609083,0.6814851760864258,5.938030517427251e-05,1.0,1.0,1.0,0.5519866943359375,1.8726834058761597,2.6556897163391113,0.037344612181186676,15.797008514404297,15.935063362121582,14.652489584320618,2.3310096305376358,-0.05748450107252694,3.289882348757863,2.837827205657959,1.0,0.0
8400.0,16.0,399.0,400.0,5.739493962501821,1.6345536708831787,0.0006763896672055125,0.5335776805877686,0.0002995383401867002,1.0,1.0,1.0,-0.6459599137306213,2.422025203704834,2.5942721366882324,0.09936358034610748,19.51721954345703,19.53209686279297,17.821550418795418,2.3432268682549684,-0.13683106357468872,4.752888529284895,2.8378195762634277,1.0,0.0
8500.0,16.0,499.0,500.0,5.725600691750955,1.6798510551452637,0.0006873563397675753,0.5786352157592773,0.0005283777136355639,1.0,1.0,1.0,0.6524540781974792,2.1885640621185303,2.7624425888061523,0.011444015428423882,20.54954719543457,20.830949783325195,19.19869285012857,2.2571909121015157,-0.15232400515324573,4.475286068194582,2.8378124237060547,1.0,0.0
8600.0,17.0,0.0,100.0,5.7129800401289375,1.7596595287322998,0.0006168985273689032,0.6588338613510132,0.00020879012299701571,1.0,1.0,1.0,-1.968719482421875,2.368091344833374,2.4699747562408447,0.026257812976837158,22.419519424438477,22.28057289123535,20.42325500087353,2.2978147290849593,-0.1749483637709008,3.9024092107923156,2.837811231613159,1.0,0.0
8800.0,17.0,0.0,300.0,5.703620863076574,1.7257404327392578,0.0005516551318578422,0.6249266862869263,0.0002622011234052479,1.0,1.0,1.0,-1.0980221033096313,2.371790647506714,2.7348952293395996,1.6315245628356934,22.36695671081543,22.511825561523438,21.94434190486654,1.908248729045871,-0.5621339763757386,8.576609543926574,2.8377833366394043,1.0,0.0
9000.0,17.0,0.0,500.0,5.691977235513898,1.6087837219238281,0.0006349306786432862,0.5081232786178589,2.541233698138967e-05,1.0,1.0,1.0,0.5891224145889282,2.684284210205078,2.9114577770233154,35.880977630615234,22.473079681396484,23.600505828857422,22.565155315421677,1.8188061442009462,-0.8121259368744564,14.137706732615596,2.8376665115356445,1.0,0.0
9200.0,18.0,0.0,200.0,5.684789956446586,1.6338720321655273,0.0006627042312175035,0.533104658126831,0.00010469874541740865,1.0,1.0,1.0,0.22958198189735413,2.002534866333008,2.447681427001953,4.5120768547058105,22.694091796875,23.595510482788086,22.4734466168108,1.9868401104624007,-0.8554663683151196,14.089193476249369,0.6121193170547485,1.0,0.0
9400.0,18.0,0.0,400.0,5.672818034292799,1.784199833869934,0.000681924750097096,0.6835086941719055,9.232663614966441e-06,1.0,1.0,1.0,0.5099983215332031,2.0915234088897705,2.545775890350342,2.425231695175171,21.689937591552734,23.138729095458984,22.007774965751402,2.042261030300976,-1.0709380768885448,17.079989513504323,0.6561614274978638,1.0,0.0
9500.0,18.0,0.0,500.0,5.662351486260799,1.974294900894165,0.0006749497260898352,0.8735182881355286,0.00010176760406466201,1.0,1.0,1.0,0.12914784252643585,2.015373706817627,3.0318610668182373,0.17018328607082367,20.363428115844727,21.474477767944336,21.512052811736297,1.9754759880205426,-1.0560095411237684,16.00404015130489,0.6072037220001221,1.0,0.0
9600.0,19.0,0.0,100.0,5.65050189144554,2.0055127143859863,0.0004862679052166641,0.9049745798110962,5.198676444706507e-05,1.0,1.0,1.0,0.6773284077644348,2.18137264251709,2.908590793609619,0.2714500427246094,20.110355377197266,21.464256286621094,20.85898681496253,1.9316899096787479,-0.9857971943055267,14.844454455837232,0.6085261702537537,1.0,0.0
9800.0,19.0,0.0,300.0,5.637961976103696,1.7933948040008545,0.0005418700748123229,0.6922950744628906,0.0005579881253652275,1.0,1.0,1.0,0.7556666731834412,2.5766067504882812,2.4899020195007324,31.154741287231445,19.15753746032715,20.826152801513672,19.766343927272217,1.837994414378261,-1.1053005286483504,17.311637734718605,0.6195052266120911,1.0,0.0
10000.0,19.0,0.0,500.0,5.624392974996632,1.8068342208862305,0.00046303030103445053,0.7063301801681519,4.10329012083821e-05,1.0,1.0,1.0,0.421948105096817,2.1313323974609375,2.575110673904419,2.2395710945129395,18.238754272460938,20.191852569580078,18.65087614943816,1.783989289171892,-1.488278026418846,24.035667507203936,0.6256973743438721,1.0,0.0
10200.0,20.0,0.0,200.0,5.600421398769618,1.979137659072876,0.0006450717337429523,0.878411591053009,8.097319368971512e-05,1.0,1.0,1.0,-1.5212430953979492,2.160987138748169,2.9301393032073975,4.102889060974121,17.167476654052734,18.91876792907715,17.68079907073611,1.6986094354248422,-2.0448800527284057,34.418472354410284,0.6453034281730652,1.0,0.0
10400.0,20.0,0.0,400.0,5.589137174939793,1.768593430519104,0.0005711708217859268,0.6679368019104004,8.537380199413747e-05,1.0,1.0,1.0,-1.322278380393982,1.9530967473983765,2.541694164276123,0.2677883207798004,17.03190803527832,18.937463760375977,17.160845264716638,1.8074810705089586,-1.825246362213839,31.39942962573621,0.611755907535553,1.0,0.0
10500.0,20.0,0.0,500.0,5.577609266783834,2.0573346614837646,0.0005245237844064832,0.9567089676856995,0.00010119902435690165,1.0,1.0,1.0,-1.4727519750595093,1.9663076400756836,3.1002790927886963,0.14533057808876038,16.006736755371094,18.351594924926758,16.75256167766874,1.8021844292297986,-2.138851244361122,36.046624022983444,0.6059216856956482,1.0,0.0
10600.0,21.0,0.0,100.0,5.567123373464098,1.74686598777771,0.0005066707381047308,0.6462559700012207,0.00010318304703105241,1.0,1.0,1.0,-1.3210994005203247,1.7924556732177734,2.514219284057617,2.7357797622680664,15.644115447998047,18.991403579711914,16.518181573161296,1.8884509719256386,-2.138401726487735,36.92795905795156,0.618607759475708,1.0,0.0
10800.0,21.0,0.0,300.0,5.552129126207363,1.8097467422485352,0.0005576291587203741,0.7091317772865295,5.7227909564971924e-05,1.0,1.0,1.0,-1.5582314729690552,2.175004720687866,2.7003543376922607,6.227585315704346,15.246060371398926,17.901611328125,15.606512046310263,1.7214251552391646,-2.633899174793648,43.74608024109693,0.6097236275672913,1.0,0.0
11000.0,21.0,0.0,500.0,5.538202259072816,1.5170183181762695,0.0006649532588198781,0.41625452041625977,9.880957077257335e-05,1.0,1.0,1.0,-1.402834177017212,3.598940372467041,2.390909194946289,86.7063217163086,14.94848918914795,17.931644439697266,15.102339049182286,1.5931701050795533,-3.0428858943990544,52.62161162933012,0.594295859336853,1.0,0.0
11200.0,22.0,0.0,200.0,5.525612137708646,1.728325605392456,0.0005915313959121704,0.6275529861450195,0.00018119547166861594,1.0,1.0,1.0,-1.539564609527588,3.0465848445892334,2.9517836570739746,44.403568267822266,14.448993682861328,18.132131576538086,14.455026918948247,1.4476887939594152,-4.157689609994211,70.53571110373568,0.6042097210884094,1.0,0.0
11400.0,22.0,0.0,400.0,5.512876326690401,2.009483575820923,0.0006149831460788846,0.9088581800460815,1.0417823432362638e-05,1.0,1.0,1.0,-1.4716840982437134,2.2167177200317383,3.5947351455688477,9.835860252380371,13.740701675415039,18.52908706665039,14.196282044652936,1.5455430643323167,-3.719378933307792,63.862156355660815,0.5951218605041504,1.0,0.0
11500.0,22.0,0.0,500.0,5.503268583896914,1.76906418800354,0.0005453475750982761,0.6683959364891052,0.00012288228026591241,1.0,1.0,1.0,-1.5203748941421509,2.7817230224609375,3.4133663177490234,33.713043212890625,14.492664337158203,18.135128021240234,14.042695022080647,1.5422909451344222,-4.06759997627265,69.61668481308124,0.5793138146400452,1.0,0.0
11600.0,23.0,0.0,100.0,5.492487653267236,1.6454660892486572,0.000676215800922364,0.5447742938995361,1.5534453268628567e-05,1.0,1.0,1.0,-1.42580246925354,2.863859176635742,2.507559299468994,50.55220031738281,13.812047958374023,17.482528686523438,13.970027947728493,1.5531621798417972,-4.220113244293839,72.47757117356761,0.5950061678886414,1.0,0.0
11800.0,23.0,0.0,300.0,5.480678542272693,1.746218204498291,0.0006759340758435428,0.6453564167022705,0.00018591582193039358,1.0,1.0,1.0,-1.4276319742202759,2.9251046180725098,3.2187321186065674,23.14694595336914,13.322042465209961,18.25935173034668,13.754626433050717,1.4660098735043292,-3.7515437893680925,64.30157042230397,0.5762240886688232,1.0,0.0
12000.0,23.0,0.0,500.0,5.469823866242681,1.5286617279052734,0.0006883119931444526,0.4277082085609436,0.00026517879450693727,1.0,1.0,1.0,-1.4519761800765991,2.2403674125671387,2.6508498191833496,13.809818267822266,13.554718971252441,18.030431747436523,13.535539531203435,1.5787540998645053,-4.681878837162417,79.09759678585822,0.578507661819458,1.0,0.0
12200.0,24.0,0.0,200.0,5.458266221251156,1.8064217567443848,0.0005895690410397947,0.7058098912239075,2.2350030121742748e-05,1.0,1.0,1.0,-1.5717772245407104,3.521918773651123,3.4420971870422363,66.80633544921875,12.48306941986084,17.59345817565918,12.906476523213506,1.2257364009798888,-4.574501628609933,74.34120653089747,0.5951809287071228,1.0,0.0
12400.0,24.0,0.0,400.0,5.442630388841409,1.8685985803604126,0.0006766681326553226,0.7677303552627563,0.00019155854533892125,1.0,1.0,1.0,-1.5893864631652832,2.1867282390594482,3.1203765869140625,8.913152694702148,12.771690368652344,16.42250633239746,12.703550016060262,1.325432161353686,-4.331532058595142,69.63477352663764,0.5813446640968323,1.0,0.0
12500.0,24.0,0.0,500.0,5.430653357264133,1.4280524253845215,0.0006213861634023488,0.32736438512802124,6.651419244008139e-05,1.0,1.0,1.0,-1.4955381155014038,3.7459006309509277,2.5986146926879883,80.58409881591797,12.293739318847656,18.073421478271484,12.678968389296866,1.4380145511459335,-4.465442371008564,72.05512637671902,0.5800655484199524,1.0,0.0
12600.0,25.0,0.0,100.0,5.420076765697214,1.7103385925292969,0.000577951199375093,0.6093704104423523,0.00039014985668472946,1.0,1.0,1.0,-1.5550081729888916,2.6798620223999023,3.148935556411743,15.527607917785645,11.86865520477295,17.526208877563477,12.336304294022545,1.3456758847306676,-5.128051511587499,79.64557191709069,0.5766074061393738,1.0,0.0
12800.0,25.0,0.0,300.0,5.404927290770274,1.270024061203003,0.0006469814688898623,0.16932761669158936,4.944219108438119e-05,1.0,1.0,1.0,-1.6568865776062012,2.966216564178467,2.2374110221862793,63.51734924316406,12.556559562683105,18.123411178588867,12.166698635378186,1.4929830073730241,-6.126220205024491,97.27227012481009,0.562781810760498,1.0,0.0
13000.0,25.0,0.0,500.0,5.3903936259965795,1.4610539674758911,0.0006672322633676231,0.35989952087402344,0.00048720656195655465,1.0,1.0,1.0,-1.662530779838562,2.352930784225464,2.8858261108398438,27.978160858154297,11.243316650390625,19.686302185058594,11.840293797765831,1.5742668313729267,-7.742678785486051,118.75959240703592,0.5716472864151001,1.0,0.0
13200.0,26.0,0.0,200.0,5.377070103976104,1.3936407566070557,0.0007196207297965884,0.2928900420665741,3.10936666210182e-05,1.0,1.0,1.0,-1.6305333375930786,2.199596405029297,2.3639464378356934,18.61608123779297,11.631146430969238,16.83112144470215,11.444171807798952,1.535304686489918,-7.418656766479926,113.10033605455169,0.5654855370521545,1.0,0.0
13400.0,26.0,0.0,400.0,5.364523309864738,1.4264070987701416,0.0006945535424165428,0.3253847658634186,0.0003277630312368274,1.0,1.0,1.0,-1.7852199077606201,2.6002657413482666,2.8334412574768066,36.28654861450195,10.480843544006348,17.34427261352539,10.85088055318139,1.1453834676384074,-6.8739954161589765,98.96082794715537,0.5841743350028992,1.0,0.0
13500.0,26.0,0.0,500.0,5.356305799157364,1.9685417413711548,0.0005316684255376458,0.867942214012146,6.780411786166951e-05,1.0,1.0,1.0,-1.8020081520080566,2.4231796264648438,3.97586727142334,13.870136260986328,10.573320388793945,17.202178955078125,10.697602367455369,1.1973429086958287,-6.915680344593336,99.15390002090165,0.5781385898590088,1.0,0.0
13600.0,27.0,92.0,100.0,5.346246092403158,1.4246357679367065,0.000675481278449297,0.3238344192504883,0.00012580235488712788,1.0,1.0,1.0,-1.8088897466659546,2.8298659324645996,2.6100614070892334,32.228782653808594,10.64496898651123,18.155498504638672,10.59851841185605,1.3412754422401114,-6.97804991515828,102.22697700773766,0.5761415362358093,1.0,0.0
13800.0,27.0,292.0,300.0,5.332035215367384,1.452944040298462,0.0006119217723608017,0.3519309461116791,0.0004011352430097759,1.0,1.0,1.0,-1.7553242444992065,2.3197238445281982,2.956664800643921,16.62224578857422,10.72950267791748,18.251632690429688,10.65781786339971,1.354528365348493,-7.2000752268734205,107.55090160123657,0.55764240026474,1.0,0.0
14000.0,27.0,492.0,500.0,5.318279593640838,1.623538851737976,0.0006296550272963941,0.5227342844009399,0.00017479920643381774,1.0,1.0,1.0,-1.9563064575195312,3.3164734840393066,3.3577771186828613,41.20382308959961,11.195069313049316,20.170330047607422,11.121558558944866,1.2739300080250928,-7.838297863382729,113.80925456711101,-1.6307300329208374,1.0,0.0
14200.0,28.0,0.0,200.0,5.303760953160773,1.408923625946045,0.0006171051063574851,0.30814242362976074,0.0001642145507503301,1.0,1.0,1.0,-1.937972903251648,2.757575035095215,2.835543155670166,14.276888847351074,12.47752857208252,17.93759536743164,11.841454069375581,1.0432660235285254,-6.856823000433671,98.13087616342392,-1.7025513648986816,1.0,0.0
14400.0,28.0,0.0,400.0,5.2947994182664715,1.346494436264038,0.0005218497826717794,0.2458989918231964,7.36955989850685e-05,1.0,1.0,1.0,-2.025925636291504,3.3387107849121094,2.754359722137451,43.897457122802734,13.08930778503418,19.087186813354492,12.537186984262553,1.0503399394368045,-6.549819030267335,92.55769197443047,-1.6961451768875122,1.0,0.0
14500.0,28.0,0.0,500.0,5.287077163850458,1.4040995836257935,0.0006206739926710725,0.3029860556125641,0.0004927658010274172,1.0,1.0,1.0,-1.9555641412734985,2.8322322368621826,3.0324409008026123,2.877753734588623,12.722474098205566,20.306324005126953,12.812615721669417,0.9792294722077176,-6.739717412958499,93.44012151232712,-1.6767538785934448,1.0,0.0
14600.0,29.0,97.0,100.0,5.279393590097411,1.7041051387786865,0.0006668021669611335,0.603144645690918,0.0002936918172053993,1.0,1.0,1.0,-2.0350425243377686,2.8066749572753906,3.5653603076934814,8.212024688720703,12.960087776184082,20.223384857177734,12.972773533561686,0.8962530343774792,-6.585240176459359,89.19762429276948,-1.672700047492981,1.0,0.0
14800.0,29.0,297.0,300.0,5.267898638351085,1.9000091552734375,0.0007162751280702651,0.7992391586303711,5.374367174226791e-05,1.0,1.0,1.0,-2.1857640743255615,2.861285448074341,4.002664566040039,5.3130903244018555,13.817611694335938,21.115087509155273,13.501835945736985,0.8642673097709024,-6.892650038369978,89.3266303959892,-1.677032709121704,1.0,0.0
15000.0,29.0,497.0,500.0,5.258535857125358,1.499021053314209,0.000623322615865618,0.39813232421875,0.0002654381678439677,1.0,1.0,1.0,-2.025423526763916,2.6123485565185547,3.087709903717041,3.119968891143799,14.742988586425781,20.586524963378906,14.410489714755482,0.8816163860524143,-6.139961703689624,83.10348641447217,-1.693609595298767,1.0,0.0
15200.0,30.0,0.0,200.0,5.24101420066858,1.7306163311004639,0.0006763668498024344,0.6299118995666504,2.8065143851563334e-05,1.0,1.0,1.0,-2.103076934814453,3.435870409011841,3.672926664352417,0.18946069478988647,15.037702560424805,21.341724395751953,15.081820648438464,0.7249085707656118,-6.122772593743686,77.52146420335512,-1.6777535676956177,1.0,0.0
15400.0,30.0,0.0,400.0,5.227283023422025,1.6839687824249268,0.0006575320148840547,0.5827535390853882,0.000557744293473661,1.0,1.0,1.0,-2.188333034515381,3.2763965129852295,3.5696117877960205,16.38501739501953,14.959375381469727,22.397424697875977,15.201227106147757,0.7782411060314416,-6.01702666493309,72.86223981710219,-1.6727397441864014,1.0,0.0
15500.0,30.0,0.0,500.0,5.217679681810557,1.8144692182540894,0.0005761701613664627,0.7138434052467346,4.968688153894618e-05,1.0,1.0,1.0,-2.3772385120391846,4.35506010055542,3.921428918838501,0.32798904180526733,15.509793281555176,22.69679832458496,15.27849508939253,0.8324875765419198,-6.334395912813806,77.43523284121076,-1.673616886138916,1.0,0.0
15600.0,31.0,0.0,100.0,5.209440918905105,1.4746164083480835,0.0005964713636785746,0.37400293350219727,1.699661515885964e-05,1.0,1.0,1.0,-2.2206900119781494,2.651041030883789,3.082078218460083,7.587343692779541,15.41568374633789,25.57944107055664,15.485105508484091,0.9317013171185973,-6.960297378949519,85.03343833725937,-1.642555594444275,1.0,0.0
15800.0,31.0,0.0,300.0,5.198075211686118,1.841044306755066,0.0005451725446619093,0.7400596141815186,0.00043953207205049694,1.0,1.0,1.0,-2.270850896835327,2.6510181427001953,3.6010758876800537,1.5558959245681763,15.127250671386719,24.37879753112793,15.515570830756205,0.9416298511406581,-7.83882471310405,94.20783215540105,-1.6760194301605225,1.0,0.0
16000.0,31.0,0.0,500.0,5.186361631414976,2.1671249866485596,0.0005262921913526952,1.066550850868225,4.7846126108197495e-05,1.0,1.0,1.0,-2.298476219177246,2.580355644226074,4.147680282592773,1.8081142902374268,15.766142845153809,23.716224670410156,15.651440463530417,0.9147906037149528,-7.266790639759178,88.71775393675857,-1.6853927373886108,1.0,0.0
16200.0,32.0,0.0,200.0,5.1731196677908065,1.5143392086029053,0.0005823487881571054,0.41362687945365906,0.00012998224701732397,1.0,1.0,1.0,-2.5041627883911133,2.4163007736206055,3.5320537090301514,1.441786766052246,15.718889236450195,24.311439514160156,15.769250359146506,0.8465651563051979,-8.634050637675156,93.9730784793814,-1.6576826572418213,1.0,0.0
16400.0,32.0,0.0,400.0,5.161614350824138,2.097703695297241,0.00047111354069784284,0.9971919059753418,4.071733928867616e-05,1.0,1.0,1.0,-2.330587387084961,2.612825393676758,3.6622824668884277,2.481647491455078,15.15411376953125,22.722986221313477,15.443676297935648,0.8830967014843725,-7.751510036705612,89.59335848240391,-1.694473385810852,1.0,0.0
16500.0,32.0,0.0,500.0,5.152152801469313,1.4724045991897583,0.0006850446225143969,0.37153151631355286,0.00018802820704877377,1.0,1.0,1.0,-2.315058469772339,2.5082812309265137,2.818631649017334,7.016870498657227,14.881407737731934,21.506072998046875,15.142809447789654,0.8550547549052124,-7.591550608365361,87.38076468121399,-1.6942857503890991,1.0,0.0
16600.0,33.0,0.0,100.0,5.143985903410784,1.7099268436431885,0.0006011070217937231,0.6092909574508667,3.485530032776296e-05,1.0,1.0,1.0,-2.3821661472320557,2.613642930984497,3.3647589683532715,0.22853732109069824,14.662325859069824,23.153974533081055,14.940309299124637,0.8685623960319441,-7.814565242193296,88.84201566436268,-1.6832911968231201,1.0,0.0
16800.0,33.0,0.0,300.0,5.134133581216748,1.7711118459701538,0.0006353851640596986,0.6704320311546326,4.44139150204137e-05,1.0,1.0,1.0,-2.5501818656921387,2.5731587409973145,3.4041848182678223,10.613914489746094,14.19679069519043,24.34813117980957,14.43944652279419,0.9640211915000002,-9.467335163026652,100.67382622089004,-1.672326922416687,1.0,0.0
17000.0,33.0,0.0,500.0,5.125151924793401,1.9442336559295654,0.000500759924761951,0.8436755537986755,5.7458484661765397e-05,1.0,1.0,1.0,-2.6238298416137695,2.6566824913024902,3.8128232955932617,9.62100601196289,13.756036758422852,26.652809143066406,13.953946305011966,1.1147952300071233,-11.24249997079083,118.80833872442332,-1.6678370237350464,1.0,0.0
17200.0,34.0,0.0,200.0,5.116237560472107,1.472928762435913,0.0005525943706743419,0.37233850359916687,3.7627891288138926e-05,1.0,1.0,1.0,-2.7605912685394287,2.5912842750549316,3.1975340843200684,19.474794387817383,13.127144813537598,28.765899658203125,13.505958428414838,1.1748407544589095,-13.273721405946228,131.69027147746394,-1.65121328830719,1.0,0.0
17400.0,34.0,0.0,400.0,5.106638490178058,1.7318063974380493,0.0005658536683768034,0.6311358213424683,0.00010468770051375031,1.0,1.0,1.0,-2.671942710876465,2.411656618118286,3.3968238830566406,7.443963527679443,12.73255443572998,25.888164520263672,12.969825356898358,1.1909900095394512,-13.300240318543436,137.15757046914337,-1.6704416275024414,1.0,0.0
17500.0,34.0,0.0,500.0,5.100079016652765,1.6477937698364258,0.0006353729986585677,0.5471183061599731,4.006216113339178e-05,1.0,1.0,1.0,-2.730043649673462,2.440139055252075,3.200512647628784,14.418377876281738,12.78145980834961,26.854467391967773,12.860200219498976,1.2218975268702978,-14.017304108346233,141.98035113674527,-1.6732850074768066,1.0,0.0
17600.0,35.0,0.0,100.0,5.091961668775169,1.8331974744796753,0.0005605444894172251,0.7325387597084045,9.807990863919258e-05,1.0,1.0,1.0,-2.7739171981811523,2.3843297958374023,3.4014339447021484,2.0097603797912598,12.458720207214355,29.194862365722656,12.711568856881204,1.3064892332473743,-15.050012847449675,149.07816428830887,-1.6657698154449463,1.0,0.0
17800.0,35.0,0.0,300.0,5.077542285782591,1.619145393371582,0.000773106818087399,0.518281877040863,9.04473927221261e-05,1.0,1.0,1.0,-2.7059683799743652,2.2912817001342773,3.375302791595459,8.622512817382812,12.287187576293945,27.123287200927734,12.41635256665315,1.234093605136244,-14.27851817000222,147.49792682026415,-1.6838843822479248,1.0,0.0
18000.0,35.0,0.0,500.0,5.043951128080965,1.7870317697525024,0.0005357681075111032,0.6493449211120605,0.03715110197663307,1.0,1.0,1.0,-2.6454145908355713,2.266960382461548,3.685811996459961,1.2516670227050781,11.843443870544434,24.074554443359375,11.990618808947723,1.0728468344994677,-12.655935873593707,132.83076554032985,-1.6754722595214844,1.0,0.0
18200.0,36.0,0.0,200.0,5.008355444044872,1.826614260673523,0.0005509672919288278,0.7260264158248901,3.682009628391825e-05,1.0,1.0,1.0,-2.7114806175231934,2.2115416526794434,3.517803430557251,3.5804340839385986,11.335257530212402,25.009185791015625,11.600487459283281,1.0849475898863548,-12.78358251131729,129.79576526960142,-1.6640499830245972,1.0,0.0
18400.0,36.0,0.0,400.0,4.9769118022865415,1.667646884918213,0.0006126189255155623,0.5669949650764465,3.94027229049243e-05,1.0,1.0,1.0,-2.8999569416046143,2.0857481956481934,3.2902159690856934,2.6911702156066895,10.978358268737793,27.572383880615234,11.233268308978047,1.3660815699979658,-16.031144045441362,151.92531342702563,-1.663605809211731,1.0,0.0
18500.0,36.0,0.0,500.0,4.960653017193301,1.5371030569076538,0.0005220751045271754,0.43647336959838867,0.00010761182056739926,1.0,1.0,1.0,-2.8782784938812256,2.620488405227661,2.7836990356445312,7.701088905334473,10.794461250305176,27.034164428710938,10.936189505171562,1.4322563616351671,-16.977269150048837,164.89724242632963,-1.6789684295654297,1.0,0.0
18600.0,37.0,0.0,100.0,4.94214601144586,1.4937644004821777,0.0006297709769569337,0.3930538296699524,8.08796175988391e-05,1.0,1.0,1.0,-2.8227875232696533,3.041783332824707,2.8644094467163086,3.839109420776367,10.921002388000488,23.274147033691406,10.723159980484825,1.359665248531704,-17.22515826805852,170.78380568652221,-1.6980645656585693,1.0,0.0
18800.0,37.0,0.0,300.0,4.910444608842225,1.5069992542266846,0.0006482215831056237,0.4062878489494324,6.32715382380411e-05,1.0,1.0,1.0,-2.693606376647949,2.3400626182556152,3.1846389770507812,5.95408821105957,10.3229398727417,27.142580032348633,10.50309703565649,1.3209859577584673,-15.87160321750148,160.40997382581614,-1.6535083055496216,1.0,0.0
19000.0,37.0,0.0,500.0,4.8820781294101305,1.5997154712677002,0.000597582315094769,0.499074250459671,4.3700427340809256e-05,1.0,1.0,1.0,-2.9667060375213623,2.1556344032287598,3.121833324432373,4.375820636749268,10.536377906799316,33.62085723876953,10.510106355393498,1.6515359102570235,-20.14682908457241,187.82550450653952,-1.648782730102539,1.0,0.0
19200.0,38.0,0.0,200.0,4.853924401132957,1.3365973234176636,0.0007004529470577836,0.23586109280586243,3.5712590033654124e-05,1.0,1.0,1.0,-3.0814368724823,2.2733592987060547,2.939054489135742,13.928520202636719,10.494769096374512,47.708343505859375,10.457538536935967,2.3944705865701845,-27.81327651783515,249.46999296360926,-1.639236569404602,1.0,0.0
19400.0,38.0,0.0,400.0,4.8237402812747305,1.7623517513275146,0.0005072882049717009,0.661780834197998,6.367743480950594e-05,1.0,1.0,1.0,-3.02630877494812,3.8115649223327637,3.3742451667785645,61.39471435546875,10.330574035644531,65.6344223022461,10.290690296719161,3.702549978283745,-44.84770768637298,407.04575176551253,-1.6178452968597412,1.0,0.0
19500.0,38.0,0.0,500.0,4.807168171956501,1.8601430654525757,0.0006016852566972375,0.7593461275100708,0.0001952034654095769,1.0,1.0,1.0,-3.137381076812744,4.723458290100098,3.2033987045288086,139.69583129882812,9.962175369262695,108.02344512939453,10.169531850660363,6.007187877551839,-66.94423287416639,590.494254510518,-1.6272896528244019,1.0,0.0
19600.0,39.0,0.0,100.0,4.790260623569581,1.8463773727416992,0.0005934368236921728,0.7456450462341309,0.00013887051318306476,1.0,1.0,1.0,-3.054489850997925,3.8855974674224854,2.9740848541259766,103.87142181396484,9.44686508178711,115.94707489013672,9.787424680666179,6.828320715369134,-83.4723888926296,760.784956302624,-1.6355197429656982,1.0,0.0
19800.0,39.0,0.0,300.0,4.763420165836425,1.5347357988357544,0.0007195103680714965,0.433809757232666,0.00020657078130170703,1.0,1.0,1.0,-3.1633825302124023,6.952092170715332,2.5097224712371826,263.3751220703125,8.50574016571045,173.9307403564453,9.315959382009822,12.172504193475257,-151.07977111631754,1317.0081314622903,-1.6570860147476196,1.0,0.0
20000.0,39.0,0.0,500.0,4.736323364484586,1.3906095027923584,0.0005574059905484319,0.2899649441242218,8.70852090884e-05,1.0,1.0,1.0,-3.1024372577667236,27.7691707611084,2.9528450965881348,1291.8282470703125,6.724360466003418,275.0860900878906,7.8391743132153335,18.735712397989023,-230.6114006925907,2045.6561780804475,-1.6453311443328857,1.0,0.0
20200.0,40.0,0.0,200.0,4.7034488231162666,1.3411099910736084,0.0007112424355000257,0.24032825231552124,7.045721577014774e-05,1.0,1.0,1.0,-3.1187005043029785,72.5267105102539,2.960819721221924,3528.112548828125,4.285475730895996,581.8045654296875,5.598974249703862,37.1018682939165,-434.4746291041881,3833.318129602815,-1.6443078517913818,1.0,0.0
20400.0,40.0,0.0,400.0,4.680731713104684,1.4322699308395386,0.0005406861891970038,0.33154135942459106,0.00018785787688102573,1.0,1.0,1.0,-3.1072518825531006,498.820556640625,3.2140233516693115,24839.6640625,-5.141833782196045,1222.1348876953125,0.6295732496034345,86.59645404524801,-965.9871846154396,8508.8922731917,-1.621425986289978,1.0,0.0
20500.0,40.0,0.0,500.0,4.666902124938555,1.484656810760498,0.0006523148040287197,0.3536566495895386,0.03034784458577633,1.0,1.0,1.0,-3.0633058547973633,404.4951477050781,2.958625555038452,20129.10546875,-13.470836639404297,1384.712890625,-5.174103435920577,113.6615787334792,-1323.7509832928204,11789.847421368813,-1.6595900058746338,1.0,0.0
20600.0,41.0,0.0,100.0,4.65347144411999,1.7151291370391846,0.0005822398816235363,0.5802919268608093,0.034254979342222214,1.0,1.0,1.0,-3.1072709560394287,628.2293090820312,3.232957601547241,31307.083984375,-18.049373626708984,1829.007080078125,-12.48366370922591,134.9895213169394,-1686.2961636433024,14793.82687286245,-1.6431732177734375,1.0,0.0
20800.0,41.0,0.0,300.0,4.632310722869282,1.6083478927612305,0.0005649011582136154,0.5076498985290527,0.00013309053611010313,1.0,1.0,1.0,-3.0937511920928955,3616.21142578125,3.3370699882507324,180705.0625,-38.776580810546875,2748.50439453125,-31.52437459909393,183.8880206332401,-2415.6196833330832,21321.206010956997,-1.636624813079834,1.0,0.0
21000.0,41.0,0.0,500.0,4.60886785703491,1.3188860416412354,0.0006313081248663366,0.2181077003479004,0.00014698904124088585,1.0,1.0,1.0,-3.2215216159820557,4256.80810546875,3.247842788696289,212736.40625,-42.97721481323242,5700.22265625,-51.584274875932365,341.34706700654516,-3824.422791724137,32501.270504829638,-1.5973949432373047,1.0,0.0
21200.0,42.0,0.0,200.0,4.5937146255946075,1.4862477779388428,0.0006909652147442102,0.38537725806236267,0.0001796800788724795,1.0,1.0,1.0,-3.305910348892212,102051.8671875,3.4079999923706055,5102488.0,-119.00984191894531,14240.8486328125,-64.71442421444026,922.2781717927204,-10152.93132896075,84820.53477350733,-1.6298623085021973,1.0,0.0
21400.0,42.0,0.0,400.0,4.58185954569366,1.2294543981552124,0.0005736746243201196,0.12882111966609955,5.9617264923872426e-05,1.0,1.0,1.0,-3.2680652141571045,159126.125,4.086673736572266,7956175.5,-72.23681640625,41876.9140625,-129.5642826779258,2451.7416554852803,-28131.66306052497,232386.65480708028,-1.5912444591522217,1.0,0.0
21500.0,42.0,0.0,500.0,4.573377781112633,1.244657039642334,0.0006473897374235094,0.1438787579536438,0.00013085539103485644,1.0,1.0,1.0,-3.388014316558838,677740.4375,4.379894256591797,33886888.0,150.90550231933594,89689.8203125,-32.654957077894686,4571.291866894833,-50749.022575236886,406247.9542396588,-1.5704087018966675,1.0,0.0
21600.0,43.0,0.0,100.0,4.566226882447077,1.5876498222351074,0.0005843126564286649,0.4870024621486664,6.302844849415123e-05,1.0,1.0,1.0,-3.368516445159912,7249037.0,4.642588138580322,362451712.0,1380.4254150390625,278627.46875,484.2149838533024,13109.563440863485,-127022.74867792826,1029197.4844888652,-1.5397675037384033,1.0,0.0
21800.0,43.0,0.0,300.0,4.554710863589531,1.7060909271240234,0.0005185074987821281,0.6054996848106384,7.270010246429592e-05,1.0,1.0,1.0,-3.241262435913086,762468608.0,4.214287757873535,38123429888.0,11549.759765625,2492139.5,7259.038027658477,127806.7656938638,-1060393.2928353825,9051613.82615268,-1.5639185905456543,1.0,0.0
22000.0,43.0,0.0,500.0,4.544517534205246,1.2546027898788452,0.000664431310724467,0.15371528267860413,0.00022300195996649563,1.0,1.0,1.0,-3.3265955448150635,30126950400.0,4.833293914794922,1506347581440.0,120724.6875,19829988.0,63612.97316762599,908942.0529618532,-9033694.36347779,74064088.36392762,-1.5121532678604126,1.0,0.0
22200.0,44.0,197.0,200.0,4.533134628862502,1.7685542106628418,0.0006900642765685916,0.6677078008651733,0.0001563174300827086,1.0,1.0,1.0,-3.3547613620758057,2662723223552.0,3.984689712524414,133136167993344.0,1030557.9375,173156016.0,466630.1353829082,9312742.79272537,-73777386.21020342,610104506.4143523,-1.5785894393920898,1.0,0.0
22400.0,44.0,397.0,400.0,4.522030919941143,1.3872828483581543,0.0007722371956333518,0.2862955331802368,0.00021507407655008137,1.0,1.0,1.0,-3.2795655727386475,670244074946560.0,4.139678955078125,3.3512206029029376e+16,1145942.25,722806848.0,773620.9141317406,47197278.62943815,-437672008.02245605,3618210558.8834376,-1.5976465940475464,1.0,0.0
22500.0,44.0,497.0,500.0,4.51483055352861,1.7566611766815186,0.0005927584716118872,0.6557527184486389,0.0003157831379212439,1.0,1.0,1.0,-3.3243093490600586,734253516062720.0,3.8239994049072266,3.671267607157146e+16,1061958.875,1866773376.0,4414663.900178858,112034959.4541202,-1140867954.994208,9340054555.450623,-1.5924742221832275,1.0,0.0
22600.0,45.0,0.0,100.0,4.506927283638886,1.3385552167892456,0.0005980100831948221,0.2378709316253662,8.617810090072453e-05,1.0,1.0,1.0,-3.310725212097168,6.478196754213765e+17,4.586990833282471,3.2390985832653128e+19,98994384.0,7108390912.0,33741889.556164995,372972698.20620286,-3434636374.39687,27434657777.312603,-1.5157169103622437,1.0,0.0
22800.0,45.0,0.0,300.0,4.494627022973811,1.6948884725570679,0.0007262446451932192,0.594066858291626,9.53264971030876e-05,1.0,1.0,1.0,-3.211184501647949,1.9598204207104e+16,4.191237449645996,9.799101888803635e+17,334997920.0,62927556608.0,250962463.98207086,3914800595.2428045,-32531362784.42962,274732828873.94513,-1.5636839866638184,1.0,0.0
23000.0,45.0,0.0,500.0,4.482052814967412,1.742669939994812,0.0006152712740004063,0.6419228315353394,0.0001318306749453768,1.0,1.0,1.0,-3.2938172817230225,3.25522013814784e+16,4.187971115112305,1.6276100862537892e+18,7041409536.0,776983412736.0,1974732024.5136223,40912722323.55565,-330854770169.5787,2757227545593.123,-1.5295387506484985,1.0,0.0
23200.0,46.0,0.0,200.0,4.46890487366652,1.7636851072311401,0.0005642405594699085,0.6629804372787476,0.00014031195314601064,1.0,1.0,1.0,-3.1970391273498535,9.057704661655906e+19,4.674442291259766,4.528852436381069e+21,438189621248.0,44373777580032.0,165424439693.29626,1895146125868.0093,-12601619303869.66,111630134825601.31,-1.4823447465896606,1.0,0.0
23400.0,46.0,0.0,400.0,4.457096489777543,1.5639700889587402,0.0005578064592555165,0.46338653564453125,2.5766654289327562e-05,1.0,1.0,1.0,-3.455805540084839,4.110789813191726e+22,5.148600101470947,2.0553950236894532e+24,18994599821312.0,983670991093760.0,5417566494202.267,39923845291222.77,-308629432013900.6,2429909910976336.5,-1.3983159065246582,1.0,0.0
23500.0,46.0,0.0,500.0,4.448391659740344,1.6357736587524414,0.0005696422886103392,0.5351082682609558,9.570910333422944e-05,1.0,1.0,1.0,-3.2327678203582764,2.0347652227467706e+23,4.171014785766602,1.0173826690194605e+25,10124453216256.0,1748625470259200.0,9226112716693.65,111943345574442.97,-1061343877894154.4,8970541084772841.0,-1.584884524345398,1.0,0.0
23600.0,47.0,0.0,100.0,4.439767299122027,2.0862302780151367,0.0005360107170417905,0.9855518341064453,0.000142444230732508,1.0,1.0,1.0,-3.380730390548706,2.3071811187349783e+24,4.81558895111084,1.1535905680144004e+26,63641583878144.0,6706452383137792.0,21924075923843.547,320859050738241.56,-2793414237486920.5,2.2506290197286988e+16,-1.4775209426879883,1.0,0.0
23800.0,47.0,0.0,300.0,4.4258690948630255,1.6054975986480713,0.0005877971998415887,0.504761278629303,0.0001485894463257864,1.0,1.0,1.0,0.001377596752718091,1.1715704840251854e+28,5.008922100067139,5.857852703467916e+29,2139581847699456.0,4.5256774772588544e+17,1444099793123858.5,2.321398614074852e+16,-1.8633768520697258e+17,inf,-1.4999369382858276,1.0,0.0
